,message,risk_level,rl
0,Warning: File not found,low,1
1,Error: Division by zero,high,3
2,Warning: Deprecated function used,medium,2
3,Error: Out of memory,high,3
4,Warning: Unused variable 'x',low,1
5,Error: Invalid command,medium,2
6,Warning: Possible null pointer dereference,medium,2
7,Error: Disk full,high,3
8,Warning: Function 'foo' is not defined,low,1
9,Error: Connection timed out,high,3
10,Warning: Insecure password detected,medium,2
11,Error: Syntax error in line 42,high,3
12,Warning: Variable 'x' uninitialized,low,1
13,Error: Database connection failed,high,3
14,Warning: Unreachable code detected,low,1
15,Error: Unable to open output file,medium,2
16,Warning: Function 'bar' is deprecated,low,1
17,Error: Stack overflow,high,3
18,Warning: Unused import statement,low,1
19,Error: Invalid input format,medium,2
20,Warning: Potential memory leak,medium,2
21,Error: Network unreachable,high,3
22,Warning: Unrecognized command-line option,low,1
23,Error: File permission denied,high,3
24,Warning: Variable 'x' is never used,low,1
25,Error: Database query failed,medium,2
26,Warning: Empty catch block,medium,2
27,Error: Invalid file format,high,3
28,Warning: Implicit conversion from 'float' to 'int',low,1
29,Error: Missing required argument,medium,2
30,Warning: Invalid escape sequence,low,1
31,Error: Disk space full,high,3
32,Warning: Possible buffer overflow,medium,2
33,Error: Database connection lost,high,3
34,Warning: Unreachable code detected,low,1
35,Error: Unable to read configuration file,medium,2
36,Warning: Function 'baz' is deprecated,low,1
37,Error: Integer overflow,high,3
38,Warning: Unused variable 'y',low,1
39,Error: Network connection reset,high,3
40,Warning: Inconsistent line endings,medium,2
41,Error: Invalid input value,high,3
42,Warning: Function 'qux' is not defined,low,1
43,Error: Out of disk space,high,3
44,Warning: Possible null pointer assignment,medium,2
45,Error: Invalid data type,high,3
46,Warning: Variable 'y' uninitialized,low,1
47,Error: Database connection timeout,high,3
48,Warning: Unreachable code detected,low,1
49,Error: Unable to locate shared library,medium,2
50,Warning: Unused function 'quux',low,1
51,Error: Floating-point overflow,high,3
52,Warning: Insecure network connection,medium,2
53,Error: Stack underflow,high,3
54,Warning: Redundant parentheses,low,1
55,Error: Unable to write to output file,medium,2
56,Warning: Function 'foobar' is deprecated,low,1
57,Error: Memory allocation failed,high,3
58,Warning: Unused import statement,low,1
59,Error: Invalid user input,high,3
60,Warning: Potential resource leak,medium,2
61,Error: Network connection refused,high,3
62,Warning: Unrecognized command-line argument,low,1
63,Error: Insufficient file permissions,high,3
64,Warning: Variable 'y' is never used,low,1
65,Error: Database query timeout,medium,2
66,Warning: Empty finally block,medium,2
67,Error: Invalid file path,high,3
68,Warning: Implicit conversion from 'int' to 'float',low,1
69,Error: Missing required parameter,medium,2
70,Warning: Invalid character encoding,low,1
71,Error: Disk quota exceeded,high,3
72,Warning: Possible integer overflow,medium,2
73,Error: Database connection terminated,high,3
74,Warning: Unreachable code detected,low,1
75,Error: Unable to parse configuration file,medium,2
76,Warning: Function 'qux' is deprecated,low,1
77,Error: Division by negative number,high,3
78,Warning: Unused variable 'z',low,1
79,Error: Network connection error,high,3
80,Warning: Inconsistent indentation,medium,2
81,Error: Invalid input format,high,3
82,Warning: Function 'baz' is not defined,low,1
83,Error: Disk read error,high,3
84,Warning: Possible memory leak,medium,2
85,Error: Invalid URL,high,3
86,Warning: Unused parameter 'param',low,1
87,Error: Out of swap space,high,3
88,Warning: Possible buffer underflow,medium,2
89,Error: Database connection aborted,high,3
90,Warning: Unreachable code detected,low,1
91,Error: Unable to find configuration file,medium,2
92,Warning: Unused function 'quux',low,1
93,Error: Floating-point underflow,high,3
94,Warning: Insecure file permissions,medium,2
95,Error: Stack overflow detected,high,3
96,Warning: Redundant semicolon,low,1
97,Error: Unable to delete file,medium,2
98,Warning: Function 'foobar' is deprecated,low,1
99,Error: Insufficient memory,high,3
100,Warning: Unused import statement,low,1
101,Error: Invalid input data,high,3
102,Warning: Potential security vulnerability,medium,2
103,Error: Network connection timeout,high,3
104,Warning: Unrecognized command-line option,low,1
105,Error: Insufficient disk space,high,3
106,Warning: Variable 'z' is never used,low,1
107,Error: Database query execution failed,medium,2
108,Warning: Empty try block,medium,2
109,Error: Invalid file extension,high,3
110,Warning: Implicit conversion from 'double' to 'float',low,1
111,Error: Missing required argument,medium,2
112,Warning: Invalid escape sequence,low,1
113,Error: Disk write error,high,3
114,Warning: Possible buffer overflow,medium,2
115,Error: Database transaction aborted,high,3
116,Warning: Unreachable code detected,low,1
117,Error: Unable to load plugin,medium,2
118,Warning: Unused function 'quux',low,1
119,Error: Floating-point NaN detected,high,3
120,Warning: Insecure communication protocol,medium,2
121,Error: Stack underflow detected,high,3
122,Warning: Redundant code block,low,1
123,Error: Unable to create directory,medium,2
124,Warning: Function 'foobar' is deprecated,low,1
125,Error: Division by zero encountered,high,3
126,Warning: Inconsistent variable naming,medium,2
127,Error: Invalid input value,high,3
128,Warning: Function 'qux' is not defined,low,1
129,Error: Out of disk space,high,3
130,Warning: Possible null pointer assignment,medium,2
131,Error: Invalid data format,high,3
132,Warning: Variable 'z' uninitialized,low,1
133,Error: Database connection lost,high,3
134,Warning: Unreachable code detected,low,1
135,Error: Unable to find configuration file,medium,2
136,Warning: Unused function 'quux',low,1
137,Error: Floating-point infinity detected,high,3
138,Warning: Insecure cryptographic algorithm,medium,2
139,Error: Stack overflow encountered,high,3
140,Warning: Redundant import statement,low,1
141,Error: Unable to open input file,medium,2
142,Warning: Function 'foobar' is deprecated,low,1
143,Error: Memory allocation error,high,3
144,Warning: Unused import statement,low,1
145,Error: Invalid user input,high,3
146,Warning: Potential resource exhaustion,medium,2
147,Error: Network connection refused,high,3
148,Warning: Unrecognized command-line argument,low,1
149,Error: Insufficient file permissions,high,3
150,Warning: Variable 'z' is never used,low,1
151,Error: Database query timeout,medium,2
152,Warning: Empty finally block,medium,2
153,Error: Invalid file path,high,3
154,Warning: Implicit conversion from 'int' to 'double',low,1
155,Error: Missing required parameter,medium,2
156,Warning: Invalid character encoding,low,1
157,Error: Disk quota exceeded,high,3
158,Warning: Possible integer overflow,medium,2
159,Error: Database connection terminated,high,3
160,Warning: Unreachable code detected,low,1
161,Error: Unable to parse configuration file,medium,2
162,Warning: Function 'qux' is deprecated,low,1
163,Error: Division by negative number,high,3
164,Warning: Unused variable 'z',low,1
165,Error: Network connection error,high,3
166,Warning: Inconsistent indentation,medium,2
167,Error: Invalid input format,high,3
168,Warning: Function 'baz' is not defined,low,1
169,Error: Disk read error,high,3
170,Warning: Possible memory leak,medium,2
171,Error: Invalid URL,high,3
172,Warning: Unused parameter 'param',low,1
173,Error: Out of swap space,high,3
174,Warning: Possible buffer underflow,medium,2
175,Error: Database connection aborted,high,3
176,Warning: Unreachable code detected,low,1
177,Error: Unable to find configuration file,medium,2
178,Warning: Unused function 'quux',low,1
179,Error: Floating-point underflow,high,3
180,Warning: Insecure file permissions,medium,2
181,Error: Stack overflow detected,high,3
182,Warning: Redundant semicolon,low,1
183,Error: Unable to delete file,medium,2
184,Warning: Function 'foobar' is deprecated,low,1
185,Error: Insufficient memory,high,3
186,Warning: Unused import statement,low,1
187,Error: Invalid input data,high,3
188,Warning: Potential security vulnerability,medium,2
189,Error: Network connection timeout,high,3
190,Warning: Unrecognized command-line option,low,1
191,Error: Insufficient disk space,high,3
192,Warning: Variable 'z' is never used,low,1
193,Error: Database query execution failed,medium,2
194,Warning: Empty try block,medium,2
195,Error: Invalid file extension,high,3
196,Warning: Implicit conversion from 'double' to 'float',low,1
197,Error: Missing required argument,medium,2
198,Warning: Invalid escape sequence,low,1
199,Error: Disk write error,high,3
200,Warning: Possible buffer overflow,medium,2
201,Error: Database transaction aborted,high,3
202,Warning: Unreachable code detected,low,1
203,Error: Unable to load plugin,medium,2
204,Warning: Unused function 'quux',low,1
205,Error: Floating-point NaN detected,high,3
206,Warning: Insecure communication protocol,medium,2
207,Error: Stack underflow detected,high,3
208,Warning: Redundant code block,low,1
209,Error: Unable to create directory,medium,2
210,Warning: Function 'foobar' is deprecated,low,1
211,Error: Division by zero encountered,high,3
212,Warning: Inconsistent variable naming,medium,2
213,Error: Invalid input value,high,3
214,Warning: Function 'qux' is not defined,low,1
215,Error: Out of disk space,high,3
216,Warning: Possible null pointer assignment,medium,2
217,Error: Invalid data format,high,3
218,Warning: Variable 'z' uninitialized,low,1
219,Error: Database connection lost,high,3
220,Warning: Unreachable code detected,low,1
221,Error: Unable to find configuration file,medium,2
222,Warning: Unused function 'quux',low,1
223,Error: Floating-point infinity detected,high,3
224,Warning: Insecure cryptographic algorithm,medium,2
225,Error: Stack overflow encountered,high,3
226,Warning: Redundant import statement,low,1
227,Error: Unable to open input file,medium,2
228,Warning: Function 'foobar' is deprecated,low,1
229,Error: Memory allocation error,high,3
230,Warning: Unused import statement,low,1
231,Error: Invalid user input,high,3
232,Warning: Potential resource exhaustion,medium,2
233,Error: Network connection refused,high,3
234,Warning: Unrecognized command-line argument,low,1
235,Error: Insufficient file permissions,high,3
236,Warning: Variable 'z' is never used,low,1
237,Error: Database query timeout,medium,2
238,Warning: Empty finally block,medium,2
239,Error: Invalid file path,high,3
240,Warning: Implicit conversion from 'int' to 'double',low,1
241,Error: Missing required parameter,medium,2
242,Warning: Invalid character encoding,low,1
243,Error: Disk quota exceeded,high,3
244,Warning: Possible integer overflow,medium,2
245,Error: Database connection terminated,high,3
246,Warning: Unreachable code detected,low,1
247,Error: Unable to parse configuration file,medium,2
248,Warning: Function 'qux' is deprecated,low,1
249,Error: Division by negative number,high,3
250,Warning: Unused variable 'z',low,1
251,Error: Network connection error,high,3
252,Warning: Inconsistent indentation,medium,2
253,Error: Invalid input format,high,3
254,Warning: Function 'baz' is not defined,low,1
255,Error: Disk read error,high,3
256,Warning: Possible memory leak,medium,2
257,Error: Invalid URL,high,3
258,Warning: Unused parameter 'param',low,1
259,Error: Out of swap space,high,3
260,Warning: Possible buffer underflow,medium,2
261,Error: Database connection aborted,high,3
262,Warning: Unreachable code detected,low,1
263,Error: Unable to find configuration file,medium,2
264,Warning: Unused function 'quux',low,1
265,Error: Floating-point underflow,high,3
266,Warning: Insecure file permissions,medium,2
267,Error: Stack overflow detected,high,3
268,Warning: Redundant semicolon,low,1
269,Error: Unable to delete file,medium,2
270,Warning: Function 'foobar' is deprecated,low,1
271,Error: Insufficient memory,high,3
272,Warning: Unused import statement,low,1
273,Error: Invalid input data,high,3
274,Warning: Potential security vulnerability,medium,2
275,Error: Network connection timeout,high,3
276,Warning: Unrecognized command-line option,low,1
277,Error: Insufficient disk space,high,3
278,Warning: Variable 'z' is never used,low,1
279,Error: Database query execution failed,medium,2
280,Warning: Empty try block,medium,2
281,Error: Invalid file extension,high,3
282,Warning: Implicit conversion from 'double' to 'float',low,1
283,Error: Missing required argument,medium,2
284,Warning: Invalid escape sequence,low,1
285,Error: Disk write error,high,3
286,Warning: Possible buffer overflow,medium,2
287,Error: Database transaction aborted,high,3
288,Warning: Unreachable code detected,low,1
289,Error: Unable to load plugin,medium,2
290,Warning: Unused function 'quux',low,1
291,Error: Floating-point NaN detected,high,3
292,Warning: Insecure communication protocol,medium,2
293,Error: Stack underflow detected,high,3
294,Warning: Redundant code block,low,1
295,Error: Unable to create directory,medium,2
296,Warning: Function 'foobar' is deprecated,low,1
297,Error: Division by zero encountered,high,3
298,Warning: Inconsistent variable naming,medium,2
299,Error: Invalid input value,high,3
300,Warning: Function 'qux' is not defined,low,1
301,Error: Out of disk space,high,3
302,Warning: Possible null pointer assignment,medium,2
303,Error: Invalid data format,high,3
304,Warning: Variable 'z' uninitialized,low,1
305,Error: Database connection lost,high,3
306,Warning: Unreachable code detected,low,1
307,Error: Unable to find configuration file,medium,2
308,Warning: Unused function 'quux',low,1
309,Error: Floating-point infinity detected,high,3
310,Warning: Insecure cryptographic algorithm,medium,2
311,Error: Stack overflow encountered,high,3
312,Warning: Redundant import statement,low,1
313,Error: Unable to open input file,medium,2
314,Warning: Function 'foobar' is deprecated,low,1
315,Error: Memory allocation error,high,3
316,Warning: Unused import statement,low,1
317,Error: Invalid user input,high,3
318,Warning: Potential resource exhaustion,medium,2
319,Error: Network connection refused,high,3
320,Warning: Unrecognized command-line argument,low,1
321,Error: Insufficient file permissions,high,3
322,Warning: Variable 'z' is never used,low,1
323,Error: Database query timeout,medium,2
324,Warning: Empty finally block,medium,2
325,Error: Invalid file path,high,3
326,Warning: Implicit conversion from 'int' to 'double',low,1
327,Error: Missing required parameter,medium,2
328,Warning: Invalid character encoding,low,1
329,Error: Disk quota exceeded,high,3
330,Warning: Possible integer overflow,medium,2
331,Error: Database connection terminated,high,3
332,Warning: Unreachable code detected,low,1
333,Error: Unable to parse configuration file,medium,2
334,Warning: Function 'qux' is deprecated,low,1
335,Error: Division by negative number,high,3
336,Warning: Unused variable 'z',low,1
337,Error: Network connection error,high,3
338,Warning: Inconsistent indentation,medium,2
339,Error: Invalid input format,high,3
340,Warning: Function 'baz' is not defined,low,1
341,Error: Disk read error,high,3
342,Warning: Possible memory leak,medium,2
343,Error: Invalid URL,high,3
344,Warning: Unused parameter 'param',low,1
345,Error: Out of swap space,high,3
346,Warning: Possible buffer underflow,medium,2
347,Error: Database connection aborted,high,3
348,Warning: Unreachable code detected,low,1
349,Error: Unable to find configuration file,medium,2
350,Warning: Unused function 'quux',low,1
351,Error: Floating-point underflow,high,3
352,Warning: Insecure file permissions,medium,2
353,Error: Stack overflow detected,high,3
354,Warning: Redundant semicolon,low,1
355,Error: Unable to delete file,medium,2
356,Warning: Function 'foobar' is deprecated,low,1
357,Error: Insufficient memory,high,3
358,Warning: Unused import statement,low,1
359,Error: Invalid input data,high,3
360,Warning: Potential security vulnerability,medium,2
361,Error: Network connection timeout,high,3
362,Warning: Unrecognized command-line option,low,1
363,Error: Insufficient disk space,high,3
364,Warning: Variable 'z' is never used,low,1
365,Error: Database query execution failed,medium,2
366,Warning: Empty try block,medium,2
367,Error: Invalid file extension,high,3
368,Warning: Implicit conversion from 'double' to 'float',low,1
369,Error: Missing required argument,medium,2
370,Warning: Invalid escape sequence,low,1
371,Error: Disk write error,high,3
372,Warning: Possible buffer overflow,medium,2
373,Error: Database transaction aborted,high,3
374,Warning: Unreachable code detected,low,1
375,Error: Unable to load plugin,medium,2
376,Warning: Unused function 'quux',low,1
377,Error: Floating-point NaN detected,high,3
378,Warning: Insecure communication protocol,medium,2
379,Error: Stack underflow detected,high,3
380,Warning: Redundant code block,low,1
381,Error: Unable to create directory,medium,2
382,Warning: Function 'foobar' is deprecated,low,1
383,Error: Division by zero encountered,high,3
384,Warning: Inconsistent variable naming,medium,2
385,Error: Invalid input value,high,3
386,Warning: Function 'qux' is not defined,low,1
387,Error: Out of disk space,high,3
388,Warning: Possible null pointer assignment,medium,2
389,Error: Invalid data format,high,3
390,Warning: Variable 'z' uninitialized,low,1
391,Error: Database connection lost,high,3
392,Warning: Unreachable code detected,low,1
393,Error: Unable to find configuration file,medium,2
394,Warning: Unused function 'quux',low,1
395,Error: Floating-point infinity detected,high,3
396,Warning: Insecure cryptographic algorithm,medium,2
397,Error: Stack overflow encountered,high,3
398,Warning: Redundant import statement,low,1
399,Error: Unable to open input file,medium,2
400,Warning: Function 'foobar' is deprecated,low,1
401,Error: Memory allocation error,high,3
402,Warning: Unused import statement,low,1
403,Error: Invalid user input,high,3
404,Warning: Potential resource exhaustion,medium,2
405,Error: Network connection refused,high,3
406,Warning: Unrecognized command-line argument,low,1
407,Error: Insufficient file permissions,high,3
408,Warning: Variable 'z' is never used,low,1
409,Error: Database query timeout,medium,2
410,Warning: Empty finally block,medium,2
411,Error: Invalid file path,high,3
412,Warning: Implicit conversion from 'int' to 'double',low,1
413,Error: Missing required parameter,medium,2
414,Warning: Invalid character encoding,low,1
415,Error: Disk quota exceeded,high,3
416,Warning: Possible integer overflow,medium,2
417,Error: Database connection terminated,high,3
418,Warning: Unreachable code detected,low,1
419,Error: Unable to parse configuration file,medium,2
420,Warning: Function 'qux' is deprecated,low,1
421,Error: Division by negative number,high,3
422,Warning: Unused variable 'z',low,1
423,Error: Network connection error,high,3
424,Warning: Inconsistent indentation,medium,2
425,Error: Invalid input format,high,3
426,Warning: Function 'baz' is not defined,low,1
427,Error: Disk read error,high,3
428,Warning: Possible memory leak,medium,2
429,Error: Invalid URL,high,3
430,Warning: Unused parameter 'param',low,1
431,Error: Out of swap space,high,3
432,Warning: Possible buffer underflow,medium,2
433,Error: Database connection aborted,high,3
434,Warning: Unreachable code detected,low,1
435,Error: Unable to find configuration file,medium,2
436,Warning: Unused function 'quux',low,1
437,Error: Floating-point underflow,high,3
438,Warning: Insecure file permissions,medium,2
439,Error: Stack overflow detected,high,3
440,Warning: Redundant semicolon,low,1
441,Error: Unable to delete file,medium,2
442,Warning: Function 'foobar' is deprecated,low,1
443,Error: Insufficient memory,high,3
444,Warning: Unused import statement,low,1
445,Error: Invalid input data,high,3
446,Warning: Potential security vulnerability,medium,2
447,Error: Network connection timeout,high,3
448,Warning: Unrecognized command-line option,low,1
449,Error: Insufficient disk space,high,3
450,Warning: Variable 'z' is never used,low,1
451,Error: Database query execution failed,medium,2
452,Warning: Empty try block,medium,2
453,Error: Invalid file extension,high,3
454,Warning: Implicit conversion from 'double' to 'float',low,1
455,Error: Missing required argument,medium,2
456,Warning: Invalid escape sequence,low,1
457,Error: Disk write error,high,3
458,Warning: Possible buffer overflow,medium,2
459,Error: Database transaction aborted,high,3
460,Warning: Unreachable code detected,low,1
461,Error: Unable to load plugin,medium,2
462,Warning: Unused function 'quux',low,1
463,Error: Floating-point NaN detected,high,3
464,Warning: Insecure communication protocol,medium,2
465,Error: Stack underflow detected,high,3
466,Warning: Redundant code block,low,1
467,Error: Unable to create directory,medium,2
468,Warning: Function 'foobar' is deprecated,low,1
469,Error: Division by zero encountered,high,3
470,Warning: Inconsistent variable naming,medium,2
471,Error: Invalid input value,high,3
472,Warning: Function 'qux' is not defined,low,1
473,Error: Out of disk space,high,3
474,Warning: Possible null pointer assignment,medium,2
475,Error: Invalid data format,high,3
476,Warning: Variable 'z' uninitialized,low,1
477,Error: Database connection lost,high,3
478,Warning: Unreachable code detected,low,1
479,Error: Unable to find configuration file,medium,2
480,Warning: Unused function 'quux',low,1
481,Error: Floating-point infinity detected,high,3
482,Warning: Insecure cryptographic algorithm,medium,2
483,Error: Stack overflow encountered,high,3
484,Warning: Redundant import statement,low,1
485,Error: Unable to open input file,medium,2
486,Warning: Function 'foobar' is deprecated,low,1
487,Error: Memory allocation error,high,3
488,Warning: Unused import statement,low,1
489,Error: Invalid user input,high,3
490,Warning: Potential resource exhaustion,medium,2
491,Error: Network connection refused,high,3
492,Warning: Unrecognized command-line argument,low,1
493,Error: Insufficient file permissions,high,3
494,Warning: Variable 'z' is never used,low,1
495,Error: Database query timeout,medium,2
496,Warning: Empty finally block,medium,2
497,Error: Invalid file path,high,3
498,Warning: Implicit conversion from 'int' to 'double',low,1
499,Error: Missing required parameter,medium,2
500,Warning: Invalid character encoding,low,1
501,Error: Disk quota exceeded,high,3
502,Warning: Possible integer overflow,medium,2
503,Error: Database connection terminated,high,3
504,Warning: Unreachable code detected,low,1
505,Error: Unable to parse configuration file,medium,2
506,Warning: Function 'qux' is deprecated,low,1
507,Error: Division by negative number,high,3
508,Warning: Unused variable 'z',low,1
509,Error: Network connection error,high,3
510,Warning: Inconsistent indentation,medium,2
511,Error: Invalid input format,high,3
512,Warning: Function 'baz' is not defined,low,1
513,Error: Disk read error,high,3
514,Warning: Possible memory leak,medium,2
515,Error: Invalid URL,high,3
516,Warning: Unused parameter 'param',low,1
517,Error: Out of swap space,high,3
518,Warning: Possible buffer underflow,medium,2
519,Error: Database connection aborted,high,3
520,Warning: Unreachable code detected,low,1
521,Error: Unable to find configuration file,medium,2
522,Warning: Unused function 'quux',low,1
523,Error: Floating-point underflow,high,3
524,Warning: Insecure file permissions,medium,2
525,Error: Stack overflow detected,high,3
526,Warning: Redundant semicolon,low,1
527,Error: Unable to delete file,medium,2
528,Warning: Function 'foobar' is deprecated,low,1
529,Error: Insufficient memory,high,3
530,Warning: Unused import statement,low,1
531,Error: Invalid input data,high,3
532,Warning: Potential security vulnerability,medium,2
533,Error: Network connection timeout,high,3
534,Warning: Unrecognized command-line option,low,1
535,Error: Insufficient disk space,high,3
536,Warning: Variable 'z' is never used,low,1
537,Error: Database query execution failed,medium,2
538,Warning: Empty try block,medium,2
539,Error: Invalid file extension,high,3
540,Warning: Implicit conversion from 'double' to 'float',low,1
541,Error: Missing required argument,medium,2
542,Warning: Invalid escape sequence,low,1
543,Error: Disk write error,high,3
544,Warning: Possible buffer overflow,medium,2
545,Error: Database transaction aborted,high,3
546,Warning: Unreachable code detected,low,1
547,Error: Unable to load plugin,medium,2
548,Warning: Unused function 'quux',low,1
549,Error: Floating-point NaN detected,high,3
550,Warning: Insecure communication protocol,medium,2
551,Error: Stack underflow detected,high,3
552,Warning: Redundant code block,low,1
553,Error: Unable to create directory,medium,2
554,Warning: Function 'foobar' is deprecated,low,1
555,Error: Division by zero encountered,high,3
556,Warning: Inconsistent variable naming,medium,2
557,Error: Invalid input value,high,3
558,Warning: Function 'qux' is not defined,low,1
559,Error: Out of disk space,high,3
560,Warning: Possible null pointer assignment,medium,2
561,Error: Invalid data format,high,3
562,Warning: Variable 'z' uninitialized,low,1
563,Error: Database connection lost,high,3
564,Warning: Unreachable code detected,low,1
565,Error: Unable to find configuration file,medium,2
566,Warning: Unused function 'quux',low,1
567,Error: Floating-point infinity detected,high,3
568,Warning: Insecure cryptographic algorithm,medium,2
569,Error: Stack overflow encountered,high,3
570,Warning: Redundant import statement,low,1
571,Error: Unable to open input file,medium,2
572,Warning: Function 'foobar' is deprecated,low,1
573,Error: Memory allocation error,high,3
574,Warning: Unused import statement,low,1
575,Error: Invalid user input,high,3
576,Warning: Potential resource exhaustion,medium,2
577,Error: Network connection refused,high,3
578,Warning: Unrecognized command-line argument,low,1
579,Error: Insufficient file permissions,high,3
580,Warning: Variable 'z' is never used,low,1
581,Error: Database query timeout,medium,2
582,Warning: Empty finally block,medium,2
583,Error: Invalid file path,high,3
584,Warning: Implicit conversion from 'int' to 'double',low,1
585,Error: Missing required parameter,medium,2
586,Warning: Invalid character encoding,low,1
587,Error: Disk quota exceeded,high,3
588,Warning: Possible integer overflow,medium,2
589,Error: Database connection terminated,high,3
590,Warning: Unreachable code detected,low,1
591,Error: Unable to parse configuration file,medium,2
592,Warning: Function 'qux' is deprecated,low,1
593,Error: Division by negative number,high,3
594,Warning: Unused variable 'z',low,1
595,Error: Network connection error,high,3
596,Warning: Inconsistent indentation,medium,2
597,Error: Invalid input format,high,3
598,Warning: Function 'baz' is not defined,low,1
599,Error: Disk read error,high,3
600,Warning: Possible memory leak,medium,2
601,Error: Invalid URL,high,3
602,Warning: Unused parameter 'param',low,1
603,Error: Out of swap space,high,3
604,Warning: Possible buffer underflow,medium,2
605,Error: Database connection aborted,high,3
606,Warning: Unreachable code detected,low,1
607,Error: Unable to find configuration file,medium,2
608,Warning: Unused function 'quux',low,1
609,Error: Floating-point underflow,high,3
610,Warning: Insecure file permissions,medium,2
611,Error: Stack overflow detected,high,3
612,Warning: Redundant semicolon,low,1
613,Error: Unable to delete file,medium,2
614,Warning: Function 'foobar' is deprecated,low,1
615,Error: Insufficient memory,high,3
616,Warning: Unused import statement,low,1
617,Error: Invalid input data,high,3
618,Warning: Potential security vulnerability,medium,2
619,Error: Network connection timeout,high,3
620,Warning: Unrecognized command-line option,low,1
621,Error: Insufficient disk space,high,3
622,Warning: Variable 'z' is never used,low,1
623,Error: Database query execution failed,medium,2
624,Warning: Empty try block,medium,2
625,Error: Invalid file extension,high,3
626,Warning: Implicit conversion from 'double' to 'float',low,1
627,Error: Missing required argument,medium,2
628,Warning: Invalid escape sequence,low,1
629,Error: Disk write error,high,3
630,Warning: Possible buffer overflow,medium,2
631,Error: Database transaction aborted,high,3
632,Warning: Unreachable code detected,low,1
633,Error: Unable to load plugin,medium,2
634,Warning: Unused function 'quux',low,1
635,Error: Floating-point NaN detected,high,3
636,Warning: Insecure communication protocol,medium,2
637,Error: Stack underflow detected,high,3
638,Warning: Redundant code block,low,1
639,Error: Unable to create directory,medium,2
640,Warning: Function 'foobar' is deprecated,low,1
641,Error: Division by zero encountered,high,3
642,Warning: Inconsistent variable naming,medium,2
643,Error: Invalid input value,high,3
644,Warning: Function 'qux' is not defined,low,1
645,Error: Out of disk space,high,3
646,Warning: Possible null pointer assignment,medium,2
647,Error: Invalid data format,high,3
648,Warning: Variable 'z' uninitialized,low,1
649,Error: Database connection lost,high,3
650,Warning: Unreachable code detected,low,1
651,Error: Unable to find configuration file,medium,2
652,Warning: Unused function 'quux',low,1
653,Error: Floating-point infinity detected,high,3
654,Warning: Insecure cryptographic algorithm,medium,2
655,Error: Stack overflow encountered,high,3
656,Warning: Redundant import statement,low,1
657,Error: Unable to open input file,medium,2
658,Warning: Function 'foobar' is deprecated,low,1
659,Error: Memory allocation error,high,3
660,Warning: Unused import statement,low,1
661,Error: Invalid user input,high,3
662,Warning: Potential resource exhaustion,medium,2
663,Error: Network connection refused,high,3
664,Warning: Unrecognized command-line argument,low,1
665,Error: Insufficient file permissions,high,3
666,Warning: Variable 'z' is never used,low,1
667,Error: Database query timeout,medium,2
668,Warning: Empty finally block,medium,2
669,Error: Invalid file path,high,3
670,Warning: Implicit conversion from 'int' to 'double',low,1
671,Error: Missing required parameter,medium,2
672,Warning: Invalid character encoding,low,1
673,Error: Disk quota exceeded,high,3
674,Warning: Possible integer overflow,medium,2
675,Error: Database connection terminated,high,3
676,Warning: Unreachable code detected,low,1
677,Error: Unable to parse configuration file,medium,2
678,Warning: Function 'qux' is deprecated,low,1
679,Error: Division by negative number,high,3
680,Warning: Unused variable 'z',low,1
681,Error: Network connection error,high,3
682,Warning: Inconsistent indentation,medium,2
683,Error: Invalid input format,high,3
684,Warning: Function 'baz' is not defined,low,1
685,Error: Disk read error,high,3
686,Warning: Possible memory leak,medium,2
687,Error: Invalid URL,high,3
688,Warning: Unused parameter 'param',low,1
689,Error: Out of swap space,high,3
690,Warning: Possible buffer underflow,medium,2
691,Error: Database connection aborted,high,3
692,Warning: Unreachable code detected,low,1
693,Error: Unable to find configuration file,medium,2
694,Warning: Unused function 'quux',low,1
695,Error: Floating-point underflow,high,3
696,Warning: Insecure file permissions,medium,2
697,Error: Stack overflow detected,high,3
698,Warning: Redundant semicolon,low,1
699,Error: Unable to delete file,medium,2
700,Warning: Function 'foobar' is deprecated,low,1
701,Error: Insufficient memory,high,3
702,Warning: Unused import statement,low,1
703,Error: Invalid input data,high,3
704,Warning: Potential security vulnerability,medium,2
705,Error: Network connection timeout,high,3
706,Warning: Unrecognized command-line option,low,1
707,Error: Insufficient disk space,high,3
708,Warning: Variable 'z' is never used,low,1
709,Error: Database query execution failed,medium,2
710,Warning: Empty try block,medium,2
711,Error: Invalid file extension,high,3
712,Warning: Implicit conversion from 'double' to 'float',low,1
713,Error: Missing required argument,medium,2
714,Warning: Invalid escape sequence,low,1
715,Error: Disk write error,high,3
716,Warning: Possible buffer overflow,medium,2
717,Error: Database transaction aborted,high,3
718,Warning: Unreachable code detected,low,1
719,Error: Unable to load plugin,medium,2
720,Warning: Unused function 'quux',low,1
721,Error: Floating-point NaN detected,high,3
722,Warning: Insecure communication protocol,medium,2
723,Error: Stack underflow detected,high,3
724,Warning: Redundant code block,low,1
725,Error: Unable to create directory,medium,2
726,Warning: Function 'foobar' is deprecated,low,1
727,Error: Division by zero encountered,high,3
728,Warning: Inconsistent variable naming,medium,2
729,Error: Invalid input value,high,3
730,Warning: Function 'qux' is not defined,low,1
731,Error: Out of disk space,high,3
732,Warning: Possible null pointer assignment,medium,2
733,Error: Invalid data format,high,3
734,Warning: Variable 'z' uninitialized,low,1
735,Error: Database connection lost,high,3
736,Warning: Unreachable code detected,low,1
737,Error: Unable to find configuration file,medium,2
738,Warning: Unused function 'quux',low,1
739,Error: Floating-point infinity detected,high,3
740,Warning: Insecure cryptographic algorithm,medium,2
741,Error: Stack overflow encountered,high,3
742,Warning: Redundant import statement,low,1
743,Error: Unable to open input file,medium,2
744,Warning: Function 'foobar' is deprecated,low,1
745,Error: Memory allocation error,high,3
746,Warning: Unused import statement,low,1
747,Error: Invalid user input,high,3
748,Warning: Potential resource exhaustion,medium,2
749,Error: Network connection refused,high,3
750,Warning: Unrecognized command-line argument,low,1
751,Error: Insufficient file permissions,high,3
752,Warning: Variable 'z' is never used,low,1
753,Error: Database query timeout,medium,2
754,Warning: Empty finally block,medium,2
755,Error: Invalid file path,high,3
756,Warning: Implicit conversion from 'int' to 'double',low,1
757,Error: Missing required parameter,medium,2
758,Warning: Invalid character encoding,low,1
759,Error: Disk quota exceeded,high,3
760,Warning: Possible integer overflow,medium,2
761,Error: Database connection terminated,high,3
762,Warning: Unreachable code detected,low,1
763,Error: Unable to parse configuration file,medium,2
764,Warning: Function 'qux' is deprecated,low,1
765,Error: Division by negative number,high,3
766,Warning: Unused variable 'z',low,1
767,Error: Network connection error,high,3
768,Warning: Inconsistent indentation,medium,2
769,Error: Invalid input format,high,3
770,Warning: Function 'baz' is not defined,low,1
771,Error: Disk read error,high,3
772,Warning: Possible memory leak,medium,2
773,Error: Invalid URL,high,3
774,Warning: Unused parameter 'param',low,1
775,Error: Out of swap space,high,3
776,Warning: Possible buffer underflow,medium,2
777,Error: Database connection aborted,high,3
778,Warning: Unreachable code detected,low,1
779,Error: Unable to find configuration file,medium,2
780,Warning: Unused function 'quux',low,1
781,Error: Floating-point underflow,high,3
782,Warning: Insecure file permissions,medium,2
783,Error: Stack overflow detected,high,3
784,Warning: Redundant semicolon,low,1
785,Error: Unable to delete file,medium,2
786,Warning: Function 'foobar' is deprecated,low,1
787,Error: Insufficient memory,high,3
788,Warning: Unused import statement,low,1
789,Error: Invalid input data,high,3
790,Warning: Potential security vulnerability,medium,2
791,Error: Network connection timeout,high,3
792,Warning: Unrecognized command-line option,low,1
793,Error: Insufficient disk space,high,3
794,Warning: Variable 'z' is never used,low,1
795,Error: Database query execution failed,medium,2
796,Warning: Empty try block,medium,2
797,Error: Invalid file extension,high,3
798,Warning: Implicit conversion from 'double' to 'float',low,1
799,Error: Missing required argument,medium,2
800,Warning: Invalid escape sequence,low,1
801,Error: Disk write error,high,3
802,Warning: Possible buffer overflow,medium,2
803,Error: Database transaction aborted,high,3
804,Warning: Unreachable code detected,low,1
805,Error: Unable to load plugin,medium,2
806,Warning: Unused function 'quux',low,1
807,Error: Floating-point NaN detected,high,3
808,Warning: Insecure communication protocol,medium,2
809,Error: Stack underflow detected,high,3
810,Warning: Redundant code block,low,1
811,Error: Unable to create directory,medium,2
812,Warning: Function 'foobar' is deprecated,low,1
813,Error: Division by zero encountered,high,3
814,Warning: Inconsistent variable naming,medium,2
815,Error: Invalid input value,high,3
816,Warning: Function 'qux' is not defined,low,1
817,Error: Out of disk space,high,3
818,Warning: Possible null pointer assignment,medium,2
819,Error: Invalid data format,high,3
820,Warning: Variable 'z' uninitialized,low,1
821,Error: Database connection lost,high,3
822,Warning: Unreachable code detected,low,1
823,Error: Unable to find configuration file,medium,2
824,Warning: Unused function 'quux',low,1
825,Error: Floating-point infinity detected,high,3
826,Warning: Insecure cryptographic algorithm,medium,2
827,Error: Stack overflow encountered,high,3
828,Warning: Redundant import statement,low,1
829,Error: Unable to open input file,medium,2
830,Warning: Function 'foobar' is deprecated,low,1
831,Error: Memory allocation error,high,3
832,Warning: Unused import statement,low,1
833,Error: Invalid user input,high,3
834,Warning: Potential resource exhaustion,medium,2
835,Error: Network connection refused,high,3
836,Warning: Unrecognized command-line argument,low,1
837,Error: Insufficient file permissions,high,3
838,Warning: Variable 'z' is never used,low,1
839,Error: Database query timeout,medium,2
840,Warning: Empty finally block,medium,2
841,Error: Invalid file path,high,3
842,Warning: Implicit conversion from 'int' to 'double',low,1
843,Error: Missing required parameter,medium,2
844,Warning: Invalid character encoding,low,1
845,Error: Disk quota exceeded,high,3
846,Warning: Possible integer overflow,medium,2
847,Error: Database connection terminated,high,3
848,Warning: Unreachable code detected,low,1
849,Error: Unable to parse configuration file,medium,2
850,Warning: Function 'qux' is deprecated,low,1
851,Error: Division by negative number,high,3
852,Warning: Unused variable 'z',low,1
853,Error: Network connection error,high,3
854,Warning: Inconsistent indentation,medium,2
855,Error: Invalid input format,high,3
856,Warning: Function 'baz' is not defined,low,1
857,Error: Disk read error,high,3
858,Warning: Possible memory leak,medium,2
859,Error: Invalid URL,high,3
860,Warning: Unused parameter 'param',low,1
861,Error: Out of swap space,high,3
862,Warning: Possible buffer underflow,medium,2
863,Error: Database connection aborted,high,3
864,Warning: Unreachable code detected,low,1
865,Error: Unable to find configuration file,medium,2
866,Warning: Unused function 'quux',low,1
867,Error: Floating-point underflow,high,3
868,Warning: Insecure file permissions,medium,2
869,Error: Stack overflow detected,high,3
870,Warning: Redundant semicolon,low,1
871,Error: Unable to delete file,medium,2
872,Warning: Function 'foobar' is deprecated,low,1
873,Error: Insufficient memory,high,3
874,Warning: Unused import statement,low,1
875,Error: Invalid input data,high,3
876,Warning: Potential security vulnerability,medium,2
877,Error: Network connection timeout,high,3
878,Warning: Unrecognized command-line option,low,1
879,Error: Insufficient disk space,high,3
880,Warning: Variable 'z' is never used,low,1
881,Error: Database query execution failed,medium,2
882,Warning: Empty try block,medium,2
883,Error: Invalid file extension,high,3
884,Warning: Implicit conversion from 'double' to 'float',low,1
885,Error: Missing required argument,medium,2
886,Warning: Invalid escape sequence,low,1
887,Error: Disk write error,high,3
888,Warning: Possible buffer overflow,medium,2
889,Error: Database transaction aborted,high,3
890,Warning: Unreachable code detected,low,1
891,Error: Unable to load plugin,medium,2
892,Warning: Unused function 'quux',low,1
893,Error: Floating-point NaN detected,high,3
894,Warning: Insecure communication protocol,medium,2
895,Error: Stack underflow detected,high,3
896,Warning: Redundant code block,low,1
897,Error: Unable to create directory,medium,2
898,Warning: Function 'foobar' is deprecated,low,1
899,Error: Division by zero encountered,high,3
900,Warning: Inconsistent variable naming,medium,2
901,Error: Invalid input value,high,3
902,Warning: Function 'qux' is not defined,low,1
903,Error: Out of disk space,high,3
904,Warning: Possible null pointer assignment,medium,2
905,Error: Invalid data format,high,3
906,Warning: Variable 'z' uninitialized,low,1
907,Error: Database connection lost,high,3
908,Warning: Unreachable code detected,low,1
909,Error: Unable to find configuration file,medium,2
910,Warning: Unused function 'quux',low,1
911,Error: Floating-point infinity detected,high,3
912,Warning: Insecure cryptographic algorithm,medium,2
913,Error: Stack overflow encountered,high,3
914,Warning: Redundant import statement,low,1
915,Error: Unable to open input file,medium,2
916,Warning: Function 'foobar' is deprecated,low,1
917,Error: Memory allocation error,high,3
918,Warning: Unused import statement,low,1
919,Error: Invalid user input,high,3
920,Warning: Potential resource exhaustion,medium,2
921,Error: Network connection refused,high,3
922,Warning: Unrecognized command-line argument,low,1
923,Error: Insufficient file permissions,high,3
924,Warning: Variable 'z' is never used,low,1
925,Error: Database query timeout,medium,2
926,Warning: Empty finally block,medium,2
927,Error: Invalid file path,high,3
928,Warning: Implicit conversion from 'int' to 'double',low,1
929,Error: Missing required parameter,medium,2
930,Warning: Invalid character encoding,low,1
931,Error: Disk quota exceeded,high,3
932,Warning: Possible integer overflow,medium,2
933,Error: Database connection terminated,high,3
934,Warning: Unreachable code detected,low,1
935,Error: Unable to parse configuration file,medium,2
936,Warning: Function 'qux' is deprecated,low,1
937,Error: Division by negative number,high,3
938,Warning: Unused variable 'z',low,1
939,Error: Network connection error,high,3
940,Warning: Inconsistent indentation,medium,2
941,Error: Invalid input format,high,3
942,Warning: Function 'baz' is not defined,low,1
943,Error: Disk read error,high,3
944,Warning: Possible memory leak,medium,2
945,Error: Invalid URL,high,3
946,Warning: Unused parameter 'param',low,1
947,Error: Out of swap space,high,3
948,Warning: Possible buffer underflow,medium,2
949,Error: Database connection aborted,high,3
950,Warning: Unreachable code detected,low,1
951,Error: Unable to find configuration file,medium,2
952,Warning: Unused function 'quux',low,1
953,Error: Floating-point underflow,high,3
954,Warning: Insecure file permissions,medium,2
955,Error: Stack overflow detected,high,3
956,Warning: Redundant semicolon,low,1
957,Error: Unable to delete file,medium,2
958,Warning: Function 'foobar' is deprecated,low,1
959,Error: Insufficient memory,high,3
960,Warning: Unused import statement,low,1
961,Error: Invalid input data,high,3
962,Warning: Potential security vulnerability,medium,2
963,Error: Network connection timeout,high,3
964,Warning: Unrecognized command-line option,low,1
965,Error: Insufficient disk space,high,3
966,Warning: Variable 'z' is never used,low,1
967,Error: Database query execution failed,medium,2
968,Warning: Empty try block,medium,2
969,Error: Invalid file extension,high,3
970,Warning: Implicit conversion from 'double' to 'float',low,1
971,Error: Missing required argument,medium,2
972,Warning: Invalid escape sequence,low,1
973,Error: Disk write error,high,3
974,Warning: Possible buffer overflow,medium,2
975,Error: Database transaction aborted,high,3
976,Warning: Unreachable code detected,low,1
977,Error: Unable to load plugin,medium,2
978,Warning: Unused function 'quux',low,1
979,Error: Floating-point NaN detected,high,3
980,Warning: Insecure communication protocol,medium,2
981,Error: Stack underflow detected,high,3
982,Warning: Redundant code block,low,1
983,Error: Unable to create directory,medium,2
984,Warning: Function 'foobar' is deprecated,low,1
985,Error: Division by zero encountered,high,3
986,Warning: Inconsistent variable naming,medium,2
987,Error: Invalid input value,high,3
988,Warning: Function 'qux' is not defined,low,1
989,Error: Out of disk space,high,3
990,Warning: Possible null pointer assignment,medium,2
991,Error: Invalid data format,high,3
992,Warning: Variable 'z' uninitialized,low,1
993,Error: Database connection lost,high,3
994,Warning: Unreachable code detected,low,1
995,Error: Unable to find configuration file,medium,2
996,Warning: Unused function 'quux',low,1
997,Error: Floating-point infinity detected,high,3
998,Warning: Insecure cryptographic algorithm,medium,2
999,Error: Stack overflow encountered,high,3
1000,Warning: Redundant import statement,low,1
1001,Error: Unable to open input file,medium,2
1002,Warning: Function 'foobar' is deprecated,low,1
1003,Error: Memory allocation error,high,3
1004,Warning: Unused import statement,low,1
1005,Error: Invalid user input,high,3
1006,Warning: Potential resource exhaustion,medium,2
1007,Error: Network connection refused,high,3
1008,Warning: Unrecognized command-line argument,low,1
1009,Error: Insufficient file permissions,high,3
1010,Warning: Variable 'z' is never used,low,1
1011,Error: Database query timeout,medium,2
1012,Warning: Empty finally block,medium,2
1013,Error: Invalid file path,high,3
1014,Warning: Implicit conversion from 'int' to 'double',low,1
1015,Error: Missing required parameter,medium,2
1016,Warning: Invalid character encoding,low,1
1017,Error: Disk quota exceeded,high,3
1018,Warning: Possible integer overflow,medium,2
1019,Error: Database connection terminated,high,3
1020,Warning: Unreachable code detected,low,1
1021,Error: Unable to parse configuration file,medium,2
1022,Warning: Function 'qux' is deprecated,low,1
1023,Error: Division by negative number,high,3
1024,Warning: Unused variable 'z',low,1
1025,Error: Network connection error,high,3
1026,Warning: Inconsistent indentation,medium,2
1027,Error: Invalid input format,high,3
1028,Warning: Function 'baz' is not defined,low,1
1029,Error: Disk read error,high,3
1030,Warning: Possible memory leak,medium,2
1031,Error: Invalid URL,high,3
1032,Warning: Unused parameter 'param',low,1
1033,Error: Out of swap space,high,3
1034,Warning: Possible buffer underflow,medium,2
1035,Error: Database connection aborted,high,3
1036,Warning: Unreachable code detected,low,1
1037,Error: Unable to find configuration file,medium,2
1038,Warning: Unused function 'quux',low,1
1039,Error: Floating-point underflow,high,3
1040,Warning: Insecure file permissions,medium,2
1041,Error: Stack overflow detected,high,3
1042,Warning: Redundant semicolon,low,1
1043,Error: Unable to delete file,medium,2
1044,Warning: Function 'foobar' is deprecated,low,1
1045,Error: Insufficient memory,high,3
1046,Warning: Unused import statement,low,1
1047,Error: Invalid input data,high,3
1048,Warning: Potential security vulnerability,medium,2
1049,Error: Network connection timeout,high,3
1050,Warning: Unrecognized command-line option,low,1
1051,Error: Insufficient disk space,high,3
1052,Warning: Variable 'z' is never used,low,1
1053,Error: Database query execution failed,medium,2
1054,Warning: Empty try block,medium,2
1055,Error: Invalid file extension,high,3
1056,Warning: Implicit conversion from 'double' to 'float',low,1
1057,Error: Missing required argument,medium,2
1058,Warning: Invalid escape sequence,low,1
1059,Error: Disk write error,high,3
1060,Warning: Possible buffer overflow,medium,2
1061,Error: Database transaction aborted,high,3
1062,Warning: Unreachable code detected,low,1
1063,Error: Unable to load plugin,medium,2
1064,Warning: Unused function 'quux',low,1
1065,Error: Floating-point NaN detected,high,3
1066,Warning: Insecure communication protocol,medium,2
1067,Error: Stack underflow detected,high,3
1068,Warning: Redundant code block,low,1
1069,Error: Unable to create directory,medium,2
1070,Warning: Function 'foobar' is deprecated,low,1
1071,Error: Division by zero encountered,high,3
1072,Warning: Inconsistent variable naming,medium,2
1073,Error: Invalid input value,high,3
1074,Warning: Function 'qux' is not defined,low,1
1075,Error: Out of disk space,high,3
1076,Warning: Possible null pointer assignment,medium,2
1077,Error: Invalid data format,high,3
1078,Warning: Variable 'z' uninitialized,low,1
1079,Error: Database connection lost,high,3
1080,Warning: Unreachable code detected,low,1
1081,Error: Unable to find configuration file,medium,2
1082,Warning: Unused function 'quux',low,1
1083,Error: Floating-point infinity detected,high,3
1084,Warning: Insecure cryptographic algorithm,medium,2
1085,Error: Stack overflow encountered,high,3
1086,Warning: Redundant import statement,low,1
1087,Error: Unable to open input file,medium,2
1088,Warning: Function 'foobar' is deprecated,low,1
1089,Error: Memory allocation error,high,3
1090,Warning: Unused import statement,low,1
1091,Error: Invalid user input,high,3
1092,Warning: Potential resource exhaustion,medium,2
1093,Error: Network connection refused,high,3
1094,Warning: Unrecognized command-line argument,low,1
1095,Error: Insufficient file permissions,high,3
1096,Warning: Variable 'z' is never used,low,1
1097,Error: Database query timeout,medium,2
1098,Warning: Empty finally block,medium,2
1099,Error: Invalid file path,high,3
1100,Warning: Implicit conversion from 'int' to 'double',low,1
1101,Error: Missing required parameter,medium,2
1102,Warning: Invalid character encoding,low,1
1103,Error: Disk quota exceeded,high,3
1104,Warning: Possible integer overflow,medium,2
1105,Error: Database connection terminated,high,3
1106,Warning: Unreachable code detected,low,1
1107,Error: Unable to parse configuration file,medium,2
1108,Warning: Function 'qux' is deprecated,low,1
1109,Error: Division by negative number,high,3
1110,Warning: Unused variable 'z',low,1
1111,Error: Network connection error,high,3
1112,Warning: Inconsistent indentation,medium,2
1113,Error: Invalid input format,high,3
1114,Warning: Function 'baz' is not defined,low,1
1115,Error: Disk read error,high,3
1116,Warning: Possible memory leak,medium,2
1117,Error: Invalid URL,high,3
1118,Warning: Unused parameter 'param',low,1
1119,Error: Out of swap space,high,3
1120,Warning: Possible buffer underflow,medium,2
1121,Error: Database connection aborted,high,3
1122,Warning: Unreachable code detected,low,1
1123,Error: Unable to find configuration file,medium,2
1124,Warning: Unused function 'quux',low,1
1125,Error: Floating-point underflow,high,3
1126,Warning: Insecure file permissions,medium,2
1127,Error: Stack overflow detected,high,3
1128,Warning: Redundant semicolon,low,1
1129,Error: Unable to delete file,medium,2
1130,Warning: Function 'foobar' is deprecated,low,1
1131,Error: Insufficient memory,high,3
1132,Warning: Unused import statement,low,1
1133,Error: Invalid input data,high,3
1134,Warning: Potential security vulnerability,medium,2
1135,Error: Network connection timeout,high,3
1136,Warning: Unrecognized command-line option,low,1
1137,Error: Insufficient disk space,high,3
1138,Warning: Variable 'z' is never used,low,1
1139,Error: Database query execution failed,medium,2
1140,Warning: Empty try block,medium,2
1141,Error: Invalid file extension,high,3
1142,Warning: Implicit conversion from 'double' to 'float',low,1
1143,Error: Missing required argument,medium,2
1144,Warning: Invalid escape sequence,low,1
1145,Error: Disk write error,high,3
1146,Warning: Possible buffer overflow,medium,2
1147,Error: Database transaction aborted,high,3
1148,Warning: Unreachable code detected,low,1
1149,Error: Unable to load plugin,medium,2
1150,Warning: Unused function 'quux',low,1
1151,Error: Floating-point NaN detected,high,3
1152,Warning: Insecure communication protocol,medium,2
1153,Error: Stack underflow detected,high,3
1154,Warning: Redundant code block,low,1
1155,Error: Unable to create directory,medium,2
1156,Warning: Function 'foobar' is deprecated,low,1
1157,Error: Division by zero encountered,high,3
1158,Warning: Inconsistent variable naming,medium,2
1159,Error: Invalid input value,high,3
1160,Warning: Function 'qux' is not defined,low,1
1161,Error: Out of disk space,high,3
1162,Warning: Possible null pointer assignment,medium,2
1163,Error: Invalid data format,high,3
1164,Warning: Variable 'z' uninitialized,low,1
1165,Error: Database connection lost,high,3
1166,Warning: Unreachable code detected,low,1
1167,Error: Unable to find configuration file,medium,2
1168,Warning: Unused function 'quux',low,1
1169,Error: Floating-point infinity detected,high,3
1170,Warning: Insecure cryptographic algorithm,medium,2
1171,Error: Stack overflow encountered,high,3
1172,Warning: Redundant import statement,low,1
1173,Error: Unable to open input file,medium,2
1174,Warning: Function 'foobar' is deprecated,low,1
1175,Error: Memory allocation error,high,3
1176,Warning: Unused import statement,low,1
1177,Error: Invalid user input,high,3
1178,Warning: Potential resource exhaustion,medium,2
1179,Error: Network connection refused,high,3
1180,Warning: Unrecognized command-line argument,low,1
1181,Error: Insufficient file permissions,high,3
1182,Warning: Variable 'z' is never used,low,1
1183,Error: Database query timeout,medium,2
1184,Warning: Empty finally block,medium,2
1185,Error: Invalid file path,high,3
1186,Warning: Implicit conversion from 'int' to 'double',low,1
1187,Error: Missing required parameter,medium,2
1188,Warning: Invalid character encoding,low,1
1189,Error: Disk quota exceeded,high,3
1190,Warning: Possible integer overflow,medium,2
1191,Error: Database connection terminated,high,3
1192,Warning: Unreachable code detected,low,1
1193,Error: Unable to parse configuration file,medium,2
1194,Warning: Function 'qux' is deprecated,low,1
1195,Error: Division by negative number,high,3
1196,Warning: Unused variable 'z',low,1
1197,Error: Network connection error,high,3
1198,Warning: Inconsistent indentation,medium,2
1199,Error: Invalid input format,high,3
1200,Warning: Function 'baz' is not defined,low,1
1201,Error: Disk read error,high,3
1202,Warning: Possible memory leak,medium,2
1203,Error: Invalid URL,high,3
1204,Warning: Unused parameter 'param',low,1
1205,Error: Out of swap space,high,3
1206,Warning: Possible buffer underflow,medium,2
1207,Error: Database connection aborted,high,3
1208,Warning: Unreachable code detected,low,1
1209,Error: Unable to find configuration file,medium,2
1210,Warning: Unused function 'quux',low,1
1211,Error: Floating-point underflow,high,3
